indicator,indicator_name,country,country_code,year,value
LP.LPI.OVRL.XQ,LPI综合评分,Africa Eastern and Southern,ZH,2022,2.61818181818182
LP.LPI.OVRL.XQ,LPI综合评分,Africa Eastern and Southern,ZH,2018,2.49222222222222
LP.LPI.OVRL.XQ,LPI综合评分,Africa Western and Central,ZI,2022,2.47333333333333
LP.LPI.OVRL.XQ,LPI综合评分,Africa Western and Central,ZI,2018,2.41333333333333
LP.LPI.OVRL.XQ,LPI综合评分,Arab World,1A,2022,2.79375
LP.LPI.OVRL.XQ,LPI综合评分,Arab World,1A,2018,2.67809523809524
LP.LPI.OVRL.XQ,LPI综合评分,Caribbean small states,S3,2022,2.6
LP.LPI.OVRL.XQ,LPI综合评分,Caribbean small states,S3,2018,2.43666666666667
LP.LPI.OVRL.XQ,LPI综合评分,Central Europe and the Baltics,B8,2022,3.35454545454545
LP.LPI.OVRL.XQ,LPI综合评分,Central Europe and the Baltics,B8,2018,3.21545454545455
LP.LPI.OVRL.XQ,LPI综合评分,Early-demographic dividend,V2,2022,2.74651162790698
LP.LPI.OVRL.XQ,LPI综合评分,Early-demographic dividend,V2,2018,2.63297872340426
LP.LPI.OVRL.XQ,LPI综合评分,East Asia & Pacific,Z4,2022,3.3
LP.LPI.OVRL.XQ,LPI综合评分,East Asia & Pacific,Z4,2018,3.14761904761905
LP.LPI.OVRL.XQ,LPI综合评分,East Asia & Pacific (excluding high income),4E,2022,2.95833333333333
LP.LPI.OVRL.XQ,LPI综合评分,East Asia & Pacific (excluding high income),4E,2018,2.81538461538462
LP.LPI.OVRL.XQ,LPI综合评分,East Asia & Pacific (IDA & IBRD countries),T4,2022,2.95833333333333
LP.LPI.OVRL.XQ,LPI综合评分,East Asia & Pacific (IDA & IBRD countries),T4,2018,2.81538461538462
LP.LPI.OVRL.XQ,LPI综合评分,Euro area,XC,2022,3.655
LP.LPI.OVRL.XQ,LPI综合评分,Euro area,XC,2018,3.5095
LP.LPI.OVRL.XQ,LPI综合评分,Europe & Central Asia,Z7,2022,3.32391304347826
LP.LPI.OVRL.XQ,LPI综合评分,Europe & Central Asia,Z7,2018,3.24042553191489
LP.LPI.OVRL.XQ,LPI综合评分,Europe & Central Asia (excluding high income),7E,2022,2.72
LP.LPI.OVRL.XQ,LPI综合评分,Europe & Central Asia (excluding high income),7E,2018,2.656875
LP.LPI.OVRL.XQ,LPI综合评分,Europe & Central Asia (IDA & IBRD countries),T7,2022,2.835
LP.LPI.OVRL.XQ,LPI综合评分,Europe & Central Asia (IDA & IBRD countries),T7,2018,2.7647619047619
LP.LPI.OVRL.XQ,LPI综合评分,European Union,EU,2022,3.61851851851852
LP.LPI.OVRL.XQ,LPI综合评分,European Union,EU,2018,3.51925925925926
LP.LPI.OVRL.XQ,LPI综合评分,Fragile and conflict affected situations,F1,2022,2.38095238095238
LP.LPI.OVRL.XQ,LPI综合评分,Fragile and conflict affected situations,F1,2018,2.35
LP.LPI.OVRL.XQ,LPI综合评分,Heavily indebted poor countries (HIPC),XE,2022,2.42916666666667
LP.LPI.OVRL.XQ,LPI综合评分,Heavily indebted poor countries (HIPC),XE,2018,2.41542857142857
LP.LPI.OVRL.XQ,LPI综合评分,High income,XD,2022,3.525
LP.LPI.OVRL.XQ,LPI综合评分,High income,XD,2018,3.42589285714286
LP.LPI.OVRL.XQ,LPI综合评分,IBRD only,XF,2022,2.86111111111111
LP.LPI.OVRL.XQ,LPI综合评分,IBRD only,XF,2018,2.77155172413793
LP.LPI.OVRL.XQ,LPI综合评分,IDA & IBRD total,ZT,2022,2.69255319148936
LP.LPI.OVRL.XQ,LPI综合评分,IDA & IBRD total,ZT,2018,2.60491228070175
LP.LPI.OVRL.XQ,LPI综合评分,IDA blend,XH,2022,2.4875
LP.LPI.OVRL.XQ,LPI综合评分,IDA blend,XH,2018,2.515
LP.LPI.OVRL.XQ,LPI综合评分,IDA only,XI,2022,2.459375
LP.LPI.OVRL.XQ,LPI综合评分,IDA only,XI,2018,2.41434782608696
LP.LPI.OVRL.XQ,LPI综合评分,IDA total,XG,2022,2.465
LP.LPI.OVRL.XQ,LPI综合评分,IDA total,XG,2018,2.43232142857143
LP.LPI.OVRL.XQ,LPI综合评分,Late-demographic dividend,V3,2022,3.01025641025641
LP.LPI.OVRL.XQ,LPI综合评分,Late-demographic dividend,V3,2018,2.89372093023256
LP.LPI.OVRL.XQ,LPI综合评分,Latin America & Caribbean,ZJ,2022,2.692
LP.LPI.OVRL.XQ,LPI综合评分,Latin America & Caribbean,ZJ,2018,2.66434782608696
LP.LPI.OVRL.XQ,LPI综合评分,Latin America & Caribbean (excluding high income),XJ,2022,2.65625
LP.LPI.OVRL.XQ,LPI综合评分,Latin America & Caribbean (excluding high income),XJ,2018,2.644
LP.LPI.OVRL.XQ,LPI综合评分,Latin America & the Caribbean (IDA & IBRD countries),T2,2022,2.71304347826087
LP.LPI.OVRL.XQ,LPI综合评分,Latin America & the Caribbean (IDA & IBRD countries),T2,2018,2.69285714285714
LP.LPI.OVRL.XQ,LPI综合评分,Least developed countries: UN classification,XL,2022,2.42083333333333
LP.LPI.OVRL.XQ,LPI综合评分,Least developed countries: UN classification,XL,2018,2.38648648648649
LP.LPI.OVRL.XQ,LPI综合评分,Low & middle income,XO,2022,2.65
LP.LPI.OVRL.XQ,LPI综合评分,Low & middle income,XO,2018,2.56815533980583
LP.LPI.OVRL.XQ,LPI综合评分,Low income,XM,2022,2.37333333333333
LP.LPI.OVRL.XQ,LPI综合评分,Low income,XM,2018,2.34863636363636
LP.LPI.OVRL.XQ,LPI综合评分,Lower middle income,XN,2022,2.63103448275862
LP.LPI.OVRL.XQ,LPI综合评分,Lower middle income,XN,2018,2.54292682926829
LP.LPI.OVRL.XQ,LPI综合评分,"Middle East, North Africa, Afghanistan & Pakistan",ZQ,2022,2.88823529411765
LP.LPI.OVRL.XQ,LPI综合评分,"Middle East, North Africa, Afghanistan & Pakistan",ZQ,2018,2.72954545454545
LP.LPI.OVRL.XQ,LPI综合评分,"Middle East, North Africa, Afghanistan & Pakistan (excluding high income)",XQ,2022,2.36666666666667
LP.LPI.OVRL.XQ,LPI综合评分,"Middle East, North Africa, Afghanistan & Pakistan (excluding high income)",XQ,2018,2.46428571428571
LP.LPI.OVRL.XQ,LPI综合评分,"Middle East, North Africa, Afghanistan & Pakistan (IDA & IBRD)",T3,2022,2.36666666666667
LP.LPI.OVRL.XQ,LPI综合评分,"Middle East, North Africa, Afghanistan & Pakistan (IDA & IBRD)",T3,2018,2.46428571428571
LP.LPI.OVRL.XQ,LPI综合评分,Middle income,XP,2022,2.71194029850746
LP.LPI.OVRL.XQ,LPI综合评分,Middle income,XP,2018,2.62777777777778
LP.LPI.OVRL.XQ,LPI综合评分,North America,XU,2022,3.9
LP.LPI.OVRL.XQ,LPI综合评分,North America,XU,2018,3.81
LP.LPI.OVRL.XQ,LPI综合评分,OECD members,OE,2022,3.63421052631579
LP.LPI.OVRL.XQ,LPI综合评分,OECD members,OE,2018,3.58105263157895
LP.LPI.OVRL.XQ,LPI综合评分,Other small states,S4,2022,3.025
LP.LPI.OVRL.XQ,LPI综合评分,Other small states,S4,2018,2.78083333333333
LP.LPI.OVRL.XQ,LPI综合评分,Pacific island small states,S2,2022,2.55
LP.LPI.OVRL.XQ,LPI综合评分,Pacific island small states,S2,2018,2.46
LP.LPI.OVRL.XQ,LPI综合评分,Post-demographic dividend,V4,2022,3.60555555555556
LP.LPI.OVRL.XQ,LPI综合评分,Post-demographic dividend,V4,2018,3.58171428571429
LP.LPI.OVRL.XQ,LPI综合评分,Pre-demographic dividend,V1,2022,2.39
LP.LPI.OVRL.XQ,LPI综合评分,Pre-demographic dividend,V1,2018,2.38818181818182
LP.LPI.OVRL.XQ,LPI综合评分,Small states,S1,2022,2.82
LP.LPI.OVRL.XQ,LPI综合评分,Small states,S1,2018,2.68235294117647
LP.LPI.OVRL.XQ,LPI综合评分,South Asia,8S,2022,2.825
LP.LPI.OVRL.XQ,LPI综合评分,South Asia,8S,2018,2.61833333333333
LP.LPI.OVRL.XQ,LPI综合评分,South Asia (IDA & IBRD),T5,2022,2.825
LP.LPI.OVRL.XQ,LPI综合评分,South Asia (IDA & IBRD),T5,2018,2.61833333333333
LP.LPI.OVRL.XQ,LPI综合评分,Sub-Saharan Africa,ZG,2022,2.53461538461538
LP.LPI.OVRL.XQ,LPI综合评分,Sub-Saharan Africa,ZG,2018,2.44974358974359
LP.LPI.OVRL.XQ,LPI综合评分,Sub-Saharan Africa (excluding high income),ZF,2022,2.53461538461538
LP.LPI.OVRL.XQ,LPI综合评分,Sub-Saharan Africa (excluding high income),ZF,2018,2.44974358974359
LP.LPI.OVRL.XQ,LPI综合评分,Sub-Saharan Africa (IDA & IBRD countries),T6,2022,2.53461538461538
LP.LPI.OVRL.XQ,LPI综合评分,Sub-Saharan Africa (IDA & IBRD countries),T6,2018,2.44974358974359
LP.LPI.OVRL.XQ,LPI综合评分,Upper middle income,XT,2022,2.77368421052632
LP.LPI.OVRL.XQ,LPI综合评分,Upper middle income,XT,2018,2.71475
LP.LPI.OVRL.XQ,LPI综合评分,World,1W,2022,3.0
LP.LPI.OVRL.XQ,LPI综合评分,World,1W,2018,2.86625
LP.LPI.OVRL.XQ,LPI综合评分,Afghanistan,AF,2022,1.9
LP.LPI.OVRL.XQ,LPI综合评分,Afghanistan,AF,2018,1.95
LP.LPI.CUST.XQ,海关效率,Africa Eastern and Southern,ZH,2022,2.32727272727273
LP.LPI.CUST.XQ,海关效率,Africa Eastern and Southern,ZH,2018,2.35111111111111
LP.LPI.CUST.XQ,海关效率,Africa Western and Central,ZI,2022,2.30666666666667
LP.LPI.CUST.XQ,海关效率,Africa Western and Central,ZI,2018,2.19190476190476
LP.LPI.CUST.XQ,海关效率,Arab World,1A,2022,2.5375
LP.LPI.CUST.XQ,海关效率,Arab World,1A,2018,2.43761904761905
LP.LPI.CUST.XQ,海关效率,Caribbean small states,S3,2022,2.4
LP.LPI.CUST.XQ,海关效率,Caribbean small states,S3,2018,2.55
LP.LPI.CUST.XQ,海关效率,Central Europe and the Baltics,B8,2022,3.10909090909091
LP.LPI.CUST.XQ,海关效率,Central Europe and the Baltics,B8,2018,3.05181818181818
LP.LPI.CUST.XQ,海关效率,Early-demographic dividend,V2,2022,2.53023255813954
LP.LPI.CUST.XQ,海关效率,Early-demographic dividend,V2,2018,2.41765957446808
LP.LPI.CUST.XQ,海关效率,East Asia & Pacific,Z4,2022,3.11052631578947
LP.LPI.CUST.XQ,海关效率,East Asia & Pacific,Z4,2018,3.0052380952381
LP.LPI.CUST.XQ,海关效率,East Asia & Pacific (excluding high income),4E,2022,2.725
LP.LPI.CUST.XQ,海关效率,East Asia & Pacific (excluding high income),4E,2018,2.64230769230769
LP.LPI.CUST.XQ,海关效率,East Asia & Pacific (IDA & IBRD countries),T4,2022,2.725
LP.LPI.CUST.XQ,海关效率,East Asia & Pacific (IDA & IBRD countries),T4,2018,2.64230769230769
LP.LPI.CUST.XQ,海关效率,Euro area,XC,2022,3.455
LP.LPI.CUST.XQ,海关效率,Euro area,XC,2018,3.3345
LP.LPI.CUST.XQ,海关效率,Europe & Central Asia,Z7,2022,3.12608695652174
LP.LPI.CUST.XQ,海关效率,Europe & Central Asia,Z7,2018,3.03489361702128
LP.LPI.CUST.XQ,海关效率,Europe & Central Asia (excluding high income),7E,2022,2.50666666666667
LP.LPI.CUST.XQ,海关效率,Europe & Central Asia (excluding high income),7E,2018,2.4475
LP.LPI.CUST.XQ,海关效率,Europe & Central Asia (IDA & IBRD countries),T7,2022,2.61
LP.LPI.CUST.XQ,海关效率,Europe & Central Asia (IDA & IBRD countries),T7,2018,2.53952380952381
LP.LPI.CUST.XQ,海关效率,European Union,EU,2022,3.41111111111111
LP.LPI.CUST.XQ,海关效率,European Union,EU,2018,3.33592592592593
LP.LPI.CUST.XQ,海关效率,Fragile and conflict affected situations,F1,2022,2.19047619047619
LP.LPI.CUST.XQ,海关效率,Fragile and conflict affected situations,F1,2018,2.1648275862069
LP.LPI.CUST.XQ,海关效率,Heavily indebted poor countries (HIPC),XE,2022,2.24166666666667
LP.LPI.CUST.XQ,海关效率,Heavily indebted poor countries (HIPC),XE,2018,2.25514285714286
LP.LPI.CUST.XQ,海关效率,High income,XD,2022,3.34821428571429
LP.LPI.CUST.XQ,海关效率,High income,XD,2018,3.25232142857143
LP.LPI.CUST.XQ,海关效率,IBRD only,XF,2022,2.61481481481481
LP.LPI.CUST.XQ,海关效率,IBRD only,XF,2018,2.52637931034483
LP.LPI.CUST.XQ,海关效率,IDA & IBRD total,ZT,2022,2.47553191489362
LP.LPI.CUST.XQ,海关效率,IDA & IBRD total,ZT,2018,2.40298245614035
LP.LPI.CUST.XQ,海关效率,IDA blend,XH,2022,2.3625
LP.LPI.CUST.XQ,海关效率,IDA blend,XH,2018,2.308
LP.LPI.CUST.XQ,海关效率,IDA only,XI,2022,2.26875
LP.LPI.CUST.XQ,海关效率,IDA only,XI,2018,2.26804347826087
LP.LPI.CUST.XQ,海关效率,IDA total,XG,2022,2.2875
LP.LPI.CUST.XQ,海关效率,IDA total,XG,2018,2.27517857142857
LP.LPI.CUST.XQ,海关效率,Late-demographic dividend,V3,2022,2.80769230769231
LP.LPI.CUST.XQ,海关效率,Late-demographic dividend,V3,2018,2.71116279069767
LP.LPI.CUST.XQ,海关效率,Latin America & Caribbean,ZJ,2022,2.476
LP.LPI.CUST.XQ,海关效率,Latin America & Caribbean,ZJ,2018,2.47
LP.LPI.CUST.XQ,海关效率,Latin America & Caribbean (excluding high income),XJ,2022,2.41875
LP.LPI.CUST.XQ,海关效率,Latin America & Caribbean (excluding high income),XJ,2018,2.406
LP.LPI.CUST.XQ,海关效率,Latin America & the Caribbean (IDA & IBRD countries),T2,2022,2.48695652173913
LP.LPI.CUST.XQ,海关效率,Latin America & the Caribbean (IDA & IBRD countries),T2,2018,2.48095238095238
LP.LPI.CUST.XQ,海关效率,Least developed countries: UN classification,XL,2022,2.19583333333333
LP.LPI.CUST.XQ,海关效率,Least developed countries: UN classification,XL,2018,2.22540540540541
LP.LPI.CUST.XQ,海关效率,Low & middle income,XO,2022,2.43414634146341
LP.LPI.CUST.XQ,海关效率,Low & middle income,XO,2018,2.36660194174757
LP.LPI.CUST.XQ,海关效率,Low income,XM,2022,2.14
LP.LPI.CUST.XQ,海关效率,Low income,XM,2018,2.14363636363636
LP.LPI.CUST.XQ,海关效率,Lower middle income,XN,2022,2.43103448275862
LP.LPI.CUST.XQ,海关效率,Lower middle income,XN,2018,2.37560975609756
LP.LPI.CUST.XQ,海关效率,"Middle East, North Africa, Afghanistan & Pakistan",ZQ,2022,2.70588235294118
LP.LPI.CUST.XQ,海关效率,"Middle East, North Africa, Afghanistan & Pakistan",ZQ,2018,2.48727272727273
LP.LPI.CUST.XQ,海关效率,"Middle East, North Africa, Afghanistan & Pakistan (excluding high income)",XQ,2022,2.21111111111111
LP.LPI.CUST.XQ,海关效率,"Middle East, North Africa, Afghanistan & Pakistan (excluding high income)",XQ,2018,2.22428571428571
LP.LPI.CUST.XQ,海关效率,"Middle East, North Africa, Afghanistan & Pakistan (IDA & IBRD)",T3,2022,2.21111111111111
LP.LPI.CUST.XQ,海关效率,"Middle East, North Africa, Afghanistan & Pakistan (IDA & IBRD)",T3,2018,2.22428571428571
LP.LPI.CUST.XQ,海关效率,Middle income,XP,2022,2.5
LP.LPI.CUST.XQ,海关效率,Middle income,XP,2018,2.42716049382716
LP.LPI.CUST.XQ,海关效率,North America,XU,2022,3.85
LP.LPI.CUST.XQ,海关效率,North America,XU,2018,3.69
LP.LPI.CUST.XQ,海关效率,OECD members,OE,2022,3.47105263157895
LP.LPI.CUST.XQ,海关效率,OECD members,OE,2018,3.39921052631579
LP.LPI.CUST.XQ,海关效率,Other small states,S4,2022,2.9375
LP.LPI.CUST.XQ,海关效率,Other small states,S4,2018,2.66166666666667
LP.LPI.CUST.XQ,海关效率,Pacific island small states,S2,2022,2.35
LP.LPI.CUST.XQ,海关效率,Pacific island small states,S2,2018,2.59
LP.LPI.CUST.XQ,海关效率,Post-demographic dividend,V4,2022,3.44166666666667
LP.LPI.CUST.XQ,海关效率,Post-demographic dividend,V4,2018,3.41114285714286
LP.LPI.CUST.XQ,海关效率,Pre-demographic dividend,V1,2022,2.175
LP.LPI.CUST.XQ,海关效率,Pre-demographic dividend,V1,2018,2.17878787878788
LP.LPI.CUST.XQ,海关效率,Small states,S1,2022,2.68
LP.LPI.CUST.XQ,海关效率,Small states,S1,2018,2.63352941176471
LP.LPI.CUST.XQ,海关效率,South Asia,8S,2022,2.625
LP.LPI.CUST.XQ,海关效率,South Asia,8S,2018,2.445
LP.LPI.CUST.XQ,海关效率,South Asia (IDA & IBRD),T5,2022,2.625
LP.LPI.CUST.XQ,海关效率,South Asia (IDA & IBRD),T5,2018,2.445
LP.LPI.CUST.XQ,海关效率,Sub-Saharan Africa,ZG,2022,2.31538461538462
LP.LPI.CUST.XQ,海关效率,Sub-Saharan Africa,ZG,2018,2.26538461538462
LP.LPI.CUST.XQ,海关效率,Sub-Saharan Africa (excluding high income),ZF,2022,2.31538461538462
LP.LPI.CUST.XQ,海关效率,Sub-Saharan Africa (excluding high income),ZF,2018,2.26538461538462
LP.LPI.CUST.XQ,海关效率,Sub-Saharan Africa (IDA & IBRD countries),T6,2022,2.31538461538462
LP.LPI.CUST.XQ,海关效率,Sub-Saharan Africa (IDA & IBRD countries),T6,2018,2.26538461538462
LP.LPI.CUST.XQ,海关效率,Upper middle income,XT,2022,2.55263157894737
LP.LPI.CUST.XQ,海关效率,Upper middle income,XT,2018,2.48
LP.LPI.CUST.XQ,海关效率,World,1W,2022,2.8
LP.LPI.CUST.XQ,海关效率,World,1W,2018,2.673
LP.LPI.CUST.XQ,海关效率,Afghanistan,AF,2022,2.1
LP.LPI.CUST.XQ,海关效率,Afghanistan,AF,2018,1.73
LP.LPI.INFR.XQ,基础设施质量,Africa Eastern and Southern,ZH,2022,2.51818181818182
LP.LPI.INFR.XQ,基础设施质量,Africa Eastern and Southern,ZH,2018,2.23777777777778
LP.LPI.INFR.XQ,基础设施质量,Africa Western and Central,ZI,2022,2.29333333333333
LP.LPI.INFR.XQ,基础设施质量,Africa Western and Central,ZI,2018,2.17285714285714
LP.LPI.INFR.XQ,基础设施质量,Arab World,1A,2022,2.71875
LP.LPI.INFR.XQ,基础设施质量,Arab World,1A,2018,2.60666666666667
LP.LPI.INFR.XQ,基础设施质量,Caribbean small states,S3,2022,2.5
LP.LPI.INFR.XQ,基础设施质量,Caribbean small states,S3,2018,2.29333333333333
LP.LPI.INFR.XQ,基础设施质量,Central Europe and the Baltics,B8,2022,3.25454545454545
LP.LPI.INFR.XQ,基础设施质量,Central Europe and the Baltics,B8,2018,3.06272727272727
LP.LPI.INFR.XQ,基础设施质量,Early-demographic dividend,V2,2022,2.61162790697674
LP.LPI.INFR.XQ,基础设施质量,Early-demographic dividend,V2,2018,2.47808510638298
LP.LPI.INFR.XQ,基础设施质量,East Asia & Pacific,Z4,2022,3.32105263157895
LP.LPI.INFR.XQ,基础设施质量,East Asia & Pacific,Z4,2018,3.05095238095238
LP.LPI.INFR.XQ,基础设施质量,East Asia & Pacific (excluding high income),4E,2022,2.875
LP.LPI.INFR.XQ,基础设施质量,East Asia & Pacific (excluding high income),4E,2018,2.60923076923077
LP.LPI.INFR.XQ,基础设施质量,East Asia & Pacific (IDA & IBRD countries),T4,2022,2.875
LP.LPI.INFR.XQ,基础设施质量,East Asia & Pacific (IDA & IBRD countries),T4,2018,2.60923076923077
LP.LPI.INFR.XQ,基础设施质量,Euro area,XC,2022,3.66
LP.LPI.INFR.XQ,基础设施质量,Euro area,XC,2018,3.482
LP.LPI.INFR.XQ,基础设施质量,Europe & Central Asia,Z7,2022,3.26086956521739
LP.LPI.INFR.XQ,基础设施质量,Europe & Central Asia,Z7,2018,3.1331914893617
LP.LPI.INFR.XQ,基础设施质量,Europe & Central Asia (excluding high income),7E,2022,2.55333333333333
LP.LPI.INFR.XQ,基础设施质量,Europe & Central Asia (excluding high income),7E,2018,2.4375
LP.LPI.INFR.XQ,基础设施质量,Europe & Central Asia (IDA & IBRD countries),T7,2022,2.675
LP.LPI.INFR.XQ,基础设施质量,Europe & Central Asia (IDA & IBRD countries),T7,2018,2.55571428571429
LP.LPI.INFR.XQ,基础设施质量,European Union,EU,2022,3.5962962962963
LP.LPI.INFR.XQ,基础设施质量,European Union,EU,2018,3.46111111111111
LP.LPI.INFR.XQ,基础设施质量,Fragile and conflict affected situations,F1,2022,2.19523809523809
LP.LPI.INFR.XQ,基础设施质量,Fragile and conflict affected situations,F1,2018,2.14241379310345
LP.LPI.INFR.XQ,基础设施质量,Heavily indebted poor countries (HIPC),XE,2022,2.24583333333333
LP.LPI.INFR.XQ,基础设施质量,Heavily indebted poor countries (HIPC),XE,2018,2.16142857142857
LP.LPI.INFR.XQ,基础设施质量,High income,XD,2022,3.55892857142857
LP.LPI.INFR.XQ,基础设施质量,High income,XD,2018,3.39267857142857
LP.LPI.INFR.XQ,基础设施质量,IBRD only,XF,2022,2.73703703703704
LP.LPI.INFR.XQ,基础设施质量,IBRD only,XF,2018,2.58655172413793
LP.LPI.INFR.XQ,基础设施质量,IDA & IBRD total,ZT,2022,2.54042553191489
LP.LPI.INFR.XQ,基础设施质量,IDA & IBRD total,ZT,2018,2.40359649122807
LP.LPI.INFR.XQ,基础设施质量,IDA blend,XH,2022,2.3125
LP.LPI.INFR.XQ,基础设施质量,IDA blend,XH,2018,2.361
LP.LPI.INFR.XQ,基础设施质量,IDA only,XI,2022,2.265625
LP.LPI.INFR.XQ,基础设施质量,IDA only,XI,2018,2.18217391304348
LP.LPI.INFR.XQ,基础设施质量,IDA total,XG,2022,2.275
LP.LPI.INFR.XQ,基础设施质量,IDA total,XG,2018,2.21410714285714
LP.LPI.INFR.XQ,基础设施质量,Late-demographic dividend,V3,2022,2.92307692307692
LP.LPI.INFR.XQ,基础设施质量,Late-demographic dividend,V3,2018,2.74581395348837
LP.LPI.INFR.XQ,基础设施质量,Latin America & Caribbean,ZJ,2022,2.552
LP.LPI.INFR.XQ,基础设施质量,Latin America & Caribbean,ZJ,2018,2.46695652173913
LP.LPI.INFR.XQ,基础设施质量,Latin America & Caribbean (excluding high income),XJ,2022,2.49375
LP.LPI.INFR.XQ,基础设施质量,Latin America & Caribbean (excluding high income),XJ,2018,2.43333333333333
LP.LPI.INFR.XQ,基础设施质量,Latin America & the Caribbean (IDA & IBRD countries),T2,2022,2.5695652173913
LP.LPI.INFR.XQ,基础设施质量,Latin America & the Caribbean (IDA & IBRD countries),T2,2018,2.49
LP.LPI.INFR.XQ,基础设施质量,Least developed countries: UN classification,XL,2022,2.22916666666667
LP.LPI.INFR.XQ,基础设施质量,Least developed countries: UN classification,XL,2018,2.12783783783784
LP.LPI.INFR.XQ,基础设施质量,Low & middle income,XO,2022,2.49268292682927
LP.LPI.INFR.XQ,基础设施质量,Low & middle income,XO,2018,2.36456310679612
LP.LPI.INFR.XQ,基础设施质量,Low income,XM,2022,2.22
LP.LPI.INFR.XQ,基础设施质量,Low income,XM,2018,2.10181818181818
LP.LPI.INFR.XQ,基础设施质量,Lower middle income,XN,2022,2.43103448275862
LP.LPI.INFR.XQ,基础设施质量,Lower middle income,XN,2018,2.33926829268293
LP.LPI.INFR.XQ,基础设施质量,"Middle East, North Africa, Afghanistan & Pakistan",ZQ,2022,2.87058823529412
LP.LPI.INFR.XQ,基础设施质量,"Middle East, North Africa, Afghanistan & Pakistan",ZQ,2018,2.69318181818182
LP.LPI.INFR.XQ,基础设施质量,"Middle East, North Africa, Afghanistan & Pakistan (excluding high income)",XQ,2022,2.16666666666667
LP.LPI.INFR.XQ,基础设施质量,"Middle East, North Africa, Afghanistan & Pakistan (excluding high income)",XQ,2018,2.40071428571429
LP.LPI.INFR.XQ,基础设施质量,"Middle East, North Africa, Afghanistan & Pakistan (IDA & IBRD)",T3,2022,2.16666666666667
LP.LPI.INFR.XQ,基础设施质量,"Middle East, North Africa, Afghanistan & Pakistan (IDA & IBRD)",T3,2018,2.40071428571429
LP.LPI.INFR.XQ,基础设施质量,Middle income,XP,2022,2.55373134328358
LP.LPI.INFR.XQ,基础设施质量,Middle income,XP,2018,2.43592592592593
LP.LPI.INFR.XQ,基础设施质量,North America,XU,2022,4.1
LP.LPI.INFR.XQ,基础设施质量,North America,XU,2018,3.9
LP.LPI.INFR.XQ,基础设施质量,OECD members,OE,2022,3.68157894736842
LP.LPI.INFR.XQ,基础设施质量,OECD members,OE,2018,3.56342105263158
LP.LPI.INFR.XQ,基础设施质量,Other small states,S4,2022,2.8875
LP.LPI.INFR.XQ,基础设施质量,Other small states,S4,2018,2.65916666666667
LP.LPI.INFR.XQ,基础设施质量,Pacific island small states,S2,2022,2.4
LP.LPI.INFR.XQ,基础设施质量,Pacific island small states,S2,2018,2.305
LP.LPI.INFR.XQ,基础设施质量,Post-demographic dividend,V4,2022,3.66388888888889
LP.LPI.INFR.XQ,基础设施质量,Post-demographic dividend,V4,2018,3.56285714285714
LP.LPI.INFR.XQ,基础设施质量,Pre-demographic dividend,V1,2022,2.205
LP.LPI.INFR.XQ,基础设施质量,Pre-demographic dividend,V1,2018,2.13181818181818
LP.LPI.INFR.XQ,基础设施质量,Small states,S1,2022,2.69333333333333
LP.LPI.INFR.XQ,基础设施质量,Small states,S1,2018,2.55294117647059
LP.LPI.INFR.XQ,基础设施质量,South Asia,8S,2022,2.525
LP.LPI.INFR.XQ,基础设施质量,South Asia,8S,2018,2.435
LP.LPI.INFR.XQ,基础设施质量,South Asia (IDA & IBRD),T5,2022,2.525
LP.LPI.INFR.XQ,基础设施质量,South Asia (IDA & IBRD),T5,2018,2.435
LP.LPI.INFR.XQ,基础设施质量,Sub-Saharan Africa,ZG,2022,2.38846153846154
LP.LPI.INFR.XQ,基础设施质量,Sub-Saharan Africa,ZG,2018,2.20282051282051
LP.LPI.INFR.XQ,基础设施质量,Sub-Saharan Africa (excluding high income),ZF,2022,2.38846153846154
LP.LPI.INFR.XQ,基础设施质量,Sub-Saharan Africa (excluding high income),ZF,2018,2.20282051282051
LP.LPI.INFR.XQ,基础设施质量,Sub-Saharan Africa (IDA & IBRD countries),T6,2022,2.38846153846154
LP.LPI.INFR.XQ,基础设施质量,Sub-Saharan Africa (IDA & IBRD countries),T6,2018,2.20282051282051
LP.LPI.INFR.XQ,基础设施质量,Upper middle income,XT,2022,2.64736842105263
LP.LPI.INFR.XQ,基础设施质量,Upper middle income,XT,2018,2.535
LP.LPI.INFR.XQ,基础设施质量,World,1W,2022,2.92158273381295
LP.LPI.INFR.XQ,基础设施质量,World,1W,2018,2.72275
LP.LPI.INFR.XQ,基础设施质量,Afghanistan,AF,2022,1.7
LP.LPI.INFR.XQ,基础设施质量,Afghanistan,AF,2018,1.81
LP.LPI.ITRN.XQ,国际运输便利性,Africa Eastern and Southern,ZH,2022,2.63636363636364
LP.LPI.ITRN.XQ,国际运输便利性,Africa Eastern and Southern,ZH,2018,2.52388888888889
LP.LPI.ITRN.XQ,国际运输便利性,Africa Western and Central,ZI,2022,2.53333333333333
LP.LPI.ITRN.XQ,国际运输便利性,Africa Western and Central,ZI,2018,2.51857142857143
LP.LPI.ITRN.XQ,国际运输便利性,Arab World,1A,2022,2.75625
LP.LPI.ITRN.XQ,国际运输便利性,Arab World,1A,2018,2.67857142857143
LP.LPI.ITRN.XQ,国际运输便利性,Caribbean small states,S3,2022,2.64
LP.LPI.ITRN.XQ,国际运输便利性,Caribbean small states,S3,2018,2.42
LP.LPI.ITRN.XQ,国际运输便利性,Central Europe and the Baltics,B8,2022,3.31818181818182
LP.LPI.ITRN.XQ,国际运输便利性,Central Europe and the Baltics,B8,2018,3.18818181818182
LP.LPI.ITRN.XQ,国际运输便利性,Early-demographic dividend,V2,2022,2.72093023255814
LP.LPI.ITRN.XQ,国际运输便利性,Early-demographic dividend,V2,2018,2.61446808510638
LP.LPI.ITRN.XQ,国际运输便利性,East Asia & Pacific,Z4,2022,3.14736842105263
LP.LPI.ITRN.XQ,国际运输便利性,East Asia & Pacific,Z4,2018,3.03238095238095
LP.LPI.ITRN.XQ,国际运输便利性,East Asia & Pacific (excluding high income),4E,2022,2.925
LP.LPI.ITRN.XQ,国际运输便利性,East Asia & Pacific (excluding high income),4E,2018,2.82615384615385
LP.LPI.ITRN.XQ,国际运输便利性,East Asia & Pacific (IDA & IBRD countries),T4,2022,2.925
LP.LPI.ITRN.XQ,国际运输便利性,East Asia & Pacific (IDA & IBRD countries),T4,2018,2.82615384615385
LP.LPI.ITRN.XQ,国际运输便利性,Euro area,XC,2022,3.505
LP.LPI.ITRN.XQ,国际运输便利性,Euro area,XC,2018,3.382
LP.LPI.ITRN.XQ,国际运输便利性,Europe & Central Asia,Z7,2022,3.2
LP.LPI.ITRN.XQ,国际运输便利性,Europe & Central Asia,Z7,2018,3.13893617021277
LP.LPI.ITRN.XQ,国际运输便利性,Europe & Central Asia (excluding high income),7E,2022,2.72666666666667
LP.LPI.ITRN.XQ,国际运输便利性,Europe & Central Asia (excluding high income),7E,2018,2.6275
LP.LPI.ITRN.XQ,国际运输便利性,Europe & Central Asia (IDA & IBRD countries),T7,2022,2.825
LP.LPI.ITRN.XQ,国际运输便利性,Europe & Central Asia (IDA & IBRD countries),T7,2018,2.74761904761905
LP.LPI.ITRN.XQ,国际运输便利性,European Union,EU,2022,3.46666666666667
LP.LPI.ITRN.XQ,国际运输便利性,European Union,EU,2018,3.41296296296296
LP.LPI.ITRN.XQ,国际运输便利性,Fragile and conflict affected situations,F1,2022,2.38095238095238
LP.LPI.ITRN.XQ,国际运输便利性,Fragile and conflict affected situations,F1,2018,2.39551724137931
LP.LPI.ITRN.XQ,国际运输便利性,Heavily indebted poor countries (HIPC),XE,2022,2.5
LP.LPI.ITRN.XQ,国际运输便利性,Heavily indebted poor countries (HIPC),XE,2018,2.50228571428571
LP.LPI.ITRN.XQ,国际运输便利性,High income,XD,2022,3.32678571428572
LP.LPI.ITRN.XQ,国际运输便利性,High income,XD,2018,3.28017857142857
LP.LPI.ITRN.XQ,国际运输便利性,IBRD only,XF,2022,2.84074074074074
LP.LPI.ITRN.XQ,国际运输便利性,IBRD only,XF,2018,2.79603448275862
LP.LPI.ITRN.XQ,国际运输便利性,IDA & IBRD total,ZT,2022,2.68723404255319
LP.LPI.ITRN.XQ,国际运输便利性,IDA & IBRD total,ZT,2018,2.62578947368421
LP.LPI.ITRN.XQ,国际运输便利性,IDA blend,XH,2022,2.4875
LP.LPI.ITRN.XQ,国际运输便利性,IDA blend,XH,2018,2.551
LP.LPI.ITRN.XQ,国际运输便利性,IDA only,XI,2022,2.478125
LP.LPI.ITRN.XQ,国际运输便利性,IDA only,XI,2018,2.42739130434783
LP.LPI.ITRN.XQ,国际运输便利性,IDA total,XG,2022,2.48
LP.LPI.ITRN.XQ,国际运输便利性,IDA total,XG,2018,2.44946428571429
LP.LPI.ITRN.XQ,国际运输便利性,Late-demographic dividend,V3,2022,2.91794871794872
LP.LPI.ITRN.XQ,国际运输便利性,Late-demographic dividend,V3,2018,2.86720930232558
LP.LPI.ITRN.XQ,国际运输便利性,Latin America & Caribbean,ZJ,2022,2.664
LP.LPI.ITRN.XQ,国际运输便利性,Latin America & Caribbean,ZJ,2018,2.69217391304348
LP.LPI.ITRN.XQ,国际运输便利性,Latin America & Caribbean (excluding high income),XJ,2022,2.66875
LP.LPI.ITRN.XQ,国际运输便利性,Latin America & Caribbean (excluding high income),XJ,2018,2.67933333333333
LP.LPI.ITRN.XQ,国际运输便利性,Latin America & the Caribbean (IDA & IBRD countries),T2,2022,2.6695652173913
LP.LPI.ITRN.XQ,国际运输便利性,Latin America & the Caribbean (IDA & IBRD countries),T2,2018,2.72142857142857
LP.LPI.ITRN.XQ,国际运输便利性,Least developed countries: UN classification,XL,2022,2.4625
LP.LPI.ITRN.XQ,国际运输便利性,Least developed countries: UN classification,XL,2018,2.43810810810811
LP.LPI.ITRN.XQ,国际运输便利性,Low & middle income,XO,2022,2.66219512195122
LP.LPI.ITRN.XQ,国际运输便利性,Low & middle income,XO,2018,2.5895145631068
LP.LPI.ITRN.XQ,国际运输便利性,Low income,XM,2022,2.45333333333333
LP.LPI.ITRN.XQ,国际运输便利性,Low income,XM,2018,2.44272727272727
LP.LPI.ITRN.XQ,国际运输便利性,Lower middle income,XN,2022,2.63448275862069
LP.LPI.ITRN.XQ,国际运输便利性,Lower middle income,XN,2018,2.53536585365854
LP.LPI.ITRN.XQ,国际运输便利性,"Middle East, North Africa, Afghanistan & Pakistan",ZQ,2022,2.81176470588235
LP.LPI.ITRN.XQ,国际运输便利性,"Middle East, North Africa, Afghanistan & Pakistan",ZQ,2018,2.69772727272727
LP.LPI.ITRN.XQ,国际运输便利性,"Middle East, North Africa, Afghanistan & Pakistan (excluding high income)",XQ,2022,2.37777777777778
LP.LPI.ITRN.XQ,国际运输便利性,"Middle East, North Africa, Afghanistan & Pakistan (excluding high income)",XQ,2018,2.45214285714286
LP.LPI.ITRN.XQ,国际运输便利性,"Middle East, North Africa, Afghanistan & Pakistan (IDA & IBRD)",T3,2022,2.37777777777778
LP.LPI.ITRN.XQ,国际运输便利性,"Middle East, North Africa, Afghanistan & Pakistan (IDA & IBRD)",T3,2018,2.45214285714286
LP.LPI.ITRN.XQ,国际运输便利性,Middle income,XP,2022,2.7089552238806
LP.LPI.ITRN.XQ,国际运输便利性,Middle income,XP,2018,2.62938271604938
LP.LPI.ITRN.XQ,国际运输便利性,North America,XU,2022,3.5
LP.LPI.ITRN.XQ,国际运输便利性,North America,XU,2018,3.445
LP.LPI.ITRN.XQ,国际运输便利性,OECD members,OE,2022,3.39736842105263
LP.LPI.ITRN.XQ,国际运输便利性,OECD members,OE,2018,3.39552631578947
LP.LPI.ITRN.XQ,国际运输便利性,Other small states,S4,2022,2.7875
LP.LPI.ITRN.XQ,国际运输便利性,Other small states,S4,2018,2.58583333333333
LP.LPI.ITRN.XQ,国际运输便利性,Pacific island small states,S2,2022,2.6
LP.LPI.ITRN.XQ,国际运输便利性,Pacific island small states,S2,2018,2.18
LP.LPI.ITRN.XQ,国际运输便利性,Post-demographic dividend,V4,2022,3.39444444444444
LP.LPI.ITRN.XQ,国际运输便利性,Post-demographic dividend,V4,2018,3.38057142857143
LP.LPI.ITRN.XQ,国际运输便利性,Pre-demographic dividend,V1,2022,2.495
LP.LPI.ITRN.XQ,国际运输便利性,Pre-demographic dividend,V1,2018,2.4969696969697
LP.LPI.ITRN.XQ,国际运输便利性,Small states,S1,2022,2.71333333333333
LP.LPI.ITRN.XQ,国际运输便利性,Small states,S1,2018,2.50882352941177
LP.LPI.ITRN.XQ,国际运输便利性,South Asia,8S,2022,2.8
LP.LPI.ITRN.XQ,国际运输便利性,South Asia,8S,2018,2.51666666666667
LP.LPI.ITRN.XQ,国际运输便利性,South Asia (IDA & IBRD),T5,2022,2.8
LP.LPI.ITRN.XQ,国际运输便利性,South Asia (IDA & IBRD),T5,2018,2.51666666666667
LP.LPI.ITRN.XQ,国际运输便利性,Sub-Saharan Africa,ZG,2022,2.57692307692308
LP.LPI.ITRN.XQ,国际运输便利性,Sub-Saharan Africa,ZG,2018,2.52102564102564
LP.LPI.ITRN.XQ,国际运输便利性,Sub-Saharan Africa (excluding high income),ZF,2022,2.57692307692308
LP.LPI.ITRN.XQ,国际运输便利性,Sub-Saharan Africa (excluding high income),ZF,2018,2.52102564102564
LP.LPI.ITRN.XQ,国际运输便利性,Sub-Saharan Africa (IDA & IBRD countries),T6,2022,2.57692307692308
LP.LPI.ITRN.XQ,国际运输便利性,Sub-Saharan Africa (IDA & IBRD countries),T6,2018,2.52102564102564
LP.LPI.ITRN.XQ,国际运输便利性,Upper middle income,XT,2022,2.76578947368421
LP.LPI.ITRN.XQ,国际运输便利性,Upper middle income,XT,2018,2.72575
LP.LPI.ITRN.XQ,国际运输便利性,World,1W,2022,2.92517985611511
LP.LPI.ITRN.XQ,国际运输便利性,World,1W,2018,2.8299375
LP.LPI.ITRN.XQ,国际运输便利性,Afghanistan,AF,2022,1.8
LP.LPI.ITRN.XQ,国际运输便利性,Afghanistan,AF,2018,2.1
LP.LPI.LOGS.XQ,物流服务质量,Africa Eastern and Southern,ZH,2022,2.63636363636364
LP.LPI.LOGS.XQ,物流服务质量,Africa Eastern and Southern,ZH,2018,2.475
LP.LPI.LOGS.XQ,物流服务质量,Africa Western and Central,ZI,2022,2.52
LP.LPI.LOGS.XQ,物流服务质量,Africa Western and Central,ZI,2018,2.31666666666667
LP.LPI.LOGS.XQ,物流服务质量,Arab World,1A,2022,2.75625
LP.LPI.LOGS.XQ,物流服务质量,Arab World,1A,2018,2.56666666666667
LP.LPI.LOGS.XQ,物流服务质量,Caribbean small states,S3,2022,2.52
LP.LPI.LOGS.XQ,物流服务质量,Caribbean small states,S3,2018,2.26
LP.LPI.LOGS.XQ,物流服务质量,Central Europe and the Baltics,B8,2022,3.45454545454545
LP.LPI.LOGS.XQ,物流服务质量,Central Europe and the Baltics,B8,2018,3.14090909090909
LP.LPI.LOGS.XQ,物流服务质量,Early-demographic dividend,V2,2022,2.74186046511628
LP.LPI.LOGS.XQ,物流服务质量,Early-demographic dividend,V2,2018,2.56127659574468
LP.LPI.LOGS.XQ,物流服务质量,East Asia & Pacific,Z4,2022,3.32631578947368
LP.LPI.LOGS.XQ,物流服务质量,East Asia & Pacific,Z4,2018,3.13190476190476
LP.LPI.LOGS.XQ,物流服务质量,East Asia & Pacific (excluding high income),4E,2022,2.95
LP.LPI.LOGS.XQ,物流服务质量,East Asia & Pacific (excluding high income),4E,2018,2.77307692307692
LP.LPI.LOGS.XQ,物流服务质量,East Asia & Pacific (IDA & IBRD countries),T4,2022,2.95
LP.LPI.LOGS.XQ,物流服务质量,East Asia & Pacific (IDA & IBRD countries),T4,2018,2.77307692307692
LP.LPI.LOGS.XQ,物流服务质量,Euro area,XC,2022,3.745
LP.LPI.LOGS.XQ,物流服务质量,Euro area,XC,2018,3.491
LP.LPI.LOGS.XQ,物流服务质量,Europe & Central Asia,Z7,2022,3.38043478260869
LP.LPI.LOGS.XQ,物流服务质量,Europe & Central Asia,Z7,2018,3.20893617021277
LP.LPI.LOGS.XQ,物流服务质量,Europe & Central Asia (excluding high income),7E,2022,2.72666666666667
LP.LPI.LOGS.XQ,物流服务质量,Europe & Central Asia (excluding high income),7E,2018,2.58
LP.LPI.LOGS.XQ,物流服务质量,Europe & Central Asia (IDA & IBRD countries),T7,2022,2.855
LP.LPI.LOGS.XQ,物流服务质量,Europe & Central Asia (IDA & IBRD countries),T7,2018,2.69809523809524
LP.LPI.LOGS.XQ,物流服务质量,European Union,EU,2022,3.70740740740741
LP.LPI.LOGS.XQ,物流服务质量,European Union,EU,2018,3.49148148148148
LP.LPI.LOGS.XQ,物流服务质量,Fragile and conflict affected situations,F1,2022,2.4047619047619
LP.LPI.LOGS.XQ,物流服务质量,Fragile and conflict affected situations,F1,2018,2.30931034482759
LP.LPI.LOGS.XQ,物流服务质量,Heavily indebted poor countries (HIPC),XE,2022,2.49166666666667
LP.LPI.LOGS.XQ,物流服务质量,Heavily indebted poor countries (HIPC),XE,2018,2.36314285714286
LP.LPI.LOGS.XQ,物流服务质量,High income,XD,2022,3.58571428571429
LP.LPI.LOGS.XQ,物流服务质量,High income,XD,2018,3.40678571428572
LP.LPI.LOGS.XQ,物流服务质量,IBRD only,XF,2022,2.8537037037037
LP.LPI.LOGS.XQ,物流服务质量,IBRD only,XF,2018,2.69810344827586
LP.LPI.LOGS.XQ,物流服务质量,IDA & IBRD total,ZT,2022,2.70425531914894
LP.LPI.LOGS.XQ,物流服务质量,IDA & IBRD total,ZT,2018,2.53789473684211
LP.LPI.LOGS.XQ,物流服务质量,IDA blend,XH,2022,2.425
LP.LPI.LOGS.XQ,物流服务质量,IDA blend,XH,2018,2.485
LP.LPI.LOGS.XQ,物流服务质量,IDA only,XI,2022,2.521875
LP.LPI.LOGS.XQ,物流服务质量,IDA only,XI,2018,2.34739130434783
LP.LPI.LOGS.XQ,物流服务质量,IDA total,XG,2022,2.5025
LP.LPI.LOGS.XQ,物流服务质量,IDA total,XG,2018,2.37196428571429
LP.LPI.LOGS.XQ,物流服务质量,Late-demographic dividend,V3,2022,3.02564102564103
LP.LPI.LOGS.XQ,物流服务质量,Late-demographic dividend,V3,2018,2.83232558139535
LP.LPI.LOGS.XQ,物流服务质量,Latin America & Caribbean,ZJ,2022,2.688
LP.LPI.LOGS.XQ,物流服务质量,Latin America & Caribbean,ZJ,2018,2.59217391304348
LP.LPI.LOGS.XQ,物流服务质量,Latin America & Caribbean (excluding high income),XJ,2022,2.6375
LP.LPI.LOGS.XQ,物流服务质量,Latin America & Caribbean (excluding high income),XJ,2018,2.584
LP.LPI.LOGS.XQ,物流服务质量,Latin America & the Caribbean (IDA & IBRD countries),T2,2022,2.71739130434783
LP.LPI.LOGS.XQ,物流服务质量,Latin America & the Caribbean (IDA & IBRD countries),T2,2018,2.62619047619048
LP.LPI.LOGS.XQ,物流服务质量,Least developed countries: UN classification,XL,2022,2.49583333333333
LP.LPI.LOGS.XQ,物流服务质量,Least developed countries: UN classification,XL,2018,2.31945945945946
LP.LPI.LOGS.XQ,物流服务质量,Low & middle income,XO,2022,2.65487804878049
LP.LPI.LOGS.XQ,物流服务质量,Low & middle income,XO,2018,2.5004854368932
LP.LPI.LOGS.XQ,物流服务质量,Low income,XM,2022,2.42666666666667
LP.LPI.LOGS.XQ,物流服务质量,Low income,XM,2018,2.32136363636364
LP.LPI.LOGS.XQ,物流服务质量,Lower middle income,XN,2022,2.65862068965517
LP.LPI.LOGS.XQ,物流服务质量,Lower middle income,XN,2018,2.46512195121951
LP.LPI.LOGS.XQ,物流服务质量,"Middle East, North Africa, Afghanistan & Pakistan",ZQ,2022,2.86470588235294
LP.LPI.LOGS.XQ,物流服务质量,"Middle East, North Africa, Afghanistan & Pakistan",ZQ,2018,2.64681818181818
LP.LPI.LOGS.XQ,物流服务质量,"Middle East, North Africa, Afghanistan & Pakistan (excluding high income)",XQ,2022,2.32222222222222
LP.LPI.LOGS.XQ,物流服务质量,"Middle East, North Africa, Afghanistan & Pakistan (excluding high income)",XQ,2018,2.36642857142857
LP.LPI.LOGS.XQ,物流服务质量,"Middle East, North Africa, Afghanistan & Pakistan (IDA & IBRD)",T3,2022,2.32222222222222
LP.LPI.LOGS.XQ,物流服务质量,"Middle East, North Africa, Afghanistan & Pakistan (IDA & IBRD)",T3,2018,2.36642857142857
LP.LPI.LOGS.XQ,物流服务质量,Middle income,XP,2022,2.70597014925373
LP.LPI.LOGS.XQ,物流服务质量,Middle income,XP,2018,2.54913580246914
LP.LPI.LOGS.XQ,物流服务质量,North America,XU,2022,4.05
LP.LPI.LOGS.XQ,物流服务质量,North America,XU,2018,3.885
LP.LPI.LOGS.XQ,物流服务质量,OECD members,OE,2022,3.73157894736842
LP.LPI.LOGS.XQ,物流服务质量,OECD members,OE,2018,3.58105263157895
LP.LPI.LOGS.XQ,物流服务质量,Other small states,S4,2022,3.0625
LP.LPI.LOGS.XQ,物流服务质量,Other small states,S4,2018,2.71666666666667
LP.LPI.LOGS.XQ,物流服务质量,Pacific island small states,S2,2022,2.6
LP.LPI.LOGS.XQ,物流服务质量,Pacific island small states,S2,2018,2.52
LP.LPI.LOGS.XQ,物流服务质量,Post-demographic dividend,V4,2022,3.68333333333333
LP.LPI.LOGS.XQ,物流服务质量,Post-demographic dividend,V4,2018,3.584
LP.LPI.LOGS.XQ,物流服务质量,Pre-demographic dividend,V1,2022,2.43
LP.LPI.LOGS.XQ,物流服务质量,Pre-demographic dividend,V1,2018,2.32454545454545
LP.LPI.LOGS.XQ,物流服务质量,Small states,S1,2022,2.82
LP.LPI.LOGS.XQ,物流服务质量,Small states,S1,2018,2.61294117647059
LP.LPI.LOGS.XQ,物流服务质量,South Asia,8S,2022,2.875
LP.LPI.LOGS.XQ,物流服务质量,South Asia,8S,2018,2.52166666666667
LP.LPI.LOGS.XQ,物流服务质量,South Asia (IDA & IBRD),T5,2022,2.875
LP.LPI.LOGS.XQ,物流服务质量,South Asia (IDA & IBRD),T5,2018,2.52166666666667
LP.LPI.LOGS.XQ,物流服务质量,Sub-Saharan Africa,ZG,2022,2.56923076923077
LP.LPI.LOGS.XQ,物流服务质量,Sub-Saharan Africa,ZG,2018,2.38974358974359
LP.LPI.LOGS.XQ,物流服务质量,Sub-Saharan Africa (excluding high income),ZF,2022,2.56923076923077
LP.LPI.LOGS.XQ,物流服务质量,Sub-Saharan Africa (excluding high income),ZF,2018,2.38974358974359
LP.LPI.LOGS.XQ,物流服务质量,Sub-Saharan Africa (IDA & IBRD countries),T6,2022,2.56923076923077
LP.LPI.LOGS.XQ,物流服务质量,Sub-Saharan Africa (IDA & IBRD countries),T6,2018,2.38974358974359
LP.LPI.LOGS.XQ,物流服务质量,Upper middle income,XT,2022,2.7421052631579
LP.LPI.LOGS.XQ,物流服务质量,Upper middle income,XT,2018,2.63525
LP.LPI.LOGS.XQ,物流服务质量,World,1W,2022,3.02877697841727
LP.LPI.LOGS.XQ,物流服务质量,World,1W,2018,2.815875
LP.LPI.LOGS.XQ,物流服务质量,Afghanistan,AF,2022,2.0
LP.LPI.LOGS.XQ,物流服务质量,Afghanistan,AF,2018,1.92
LP.LPI.TRAC.XQ,货物追踪能力,Africa Eastern and Southern,ZH,2022,2.64545454545455
LP.LPI.TRAC.XQ,货物追踪能力,Africa Eastern and Southern,ZH,2018,2.53722222222222
LP.LPI.TRAC.XQ,货物追踪能力,Africa Western and Central,ZI,2022,2.46666666666667
LP.LPI.TRAC.XQ,货物追踪能力,Africa Western and Central,ZI,2018,2.47571428571429
LP.LPI.TRAC.XQ,货物追踪能力,Arab World,1A,2022,2.83125
LP.LPI.TRAC.XQ,货物追踪能力,Arab World,1A,2018,2.71142857142857
LP.LPI.TRAC.XQ,货物追踪能力,Caribbean small states,S3,2022,2.56
LP.LPI.TRAC.XQ,货物追踪能力,Caribbean small states,S3,2018,2.41
LP.LPI.TRAC.XQ,货物追踪能力,Central Europe and the Baltics,B8,2022,3.4
LP.LPI.TRAC.XQ,货物追踪能力,Central Europe and the Baltics,B8,2018,3.23181818181818
LP.LPI.TRAC.XQ,货物追踪能力,Early-demographic dividend,V2,2022,2.74883720930233
LP.LPI.TRAC.XQ,货物追踪能力,Early-demographic dividend,V2,2018,2.66191489361702
LP.LPI.TRAC.XQ,货物追踪能力,East Asia & Pacific,Z4,2022,3.42105263157895
LP.LPI.TRAC.XQ,货物追踪能力,East Asia & Pacific,Z4,2018,3.17666666666667
LP.LPI.TRAC.XQ,货物追踪能力,East Asia & Pacific (excluding high income),4E,2022,3.04166666666667
LP.LPI.TRAC.XQ,货物追踪能力,East Asia & Pacific (excluding high income),4E,2018,2.82692307692308
LP.LPI.TRAC.XQ,货物追踪能力,East Asia & Pacific (IDA & IBRD countries),T4,2022,3.04166666666667
LP.LPI.TRAC.XQ,货物追踪能力,East Asia & Pacific (IDA & IBRD countries),T4,2018,2.82692307692308
LP.LPI.TRAC.XQ,货物追踪能力,Euro area,XC,2022,3.705
LP.LPI.TRAC.XQ,货物追踪能力,Euro area,XC,2018,3.5435
LP.LPI.TRAC.XQ,货物追踪能力,Europe & Central Asia,Z7,2022,3.37608695652174
LP.LPI.TRAC.XQ,货物追踪能力,Europe & Central Asia,Z7,2018,3.27425531914894
LP.LPI.TRAC.XQ,货物追踪能力,Europe & Central Asia (excluding high income),7E,2022,2.72666666666667
LP.LPI.TRAC.XQ,货物追踪能力,Europe & Central Asia (excluding high income),7E,2018,2.653125
LP.LPI.TRAC.XQ,货物追踪能力,Europe & Central Asia (IDA & IBRD countries),T7,2022,2.87
LP.LPI.TRAC.XQ,货物追踪能力,Europe & Central Asia (IDA & IBRD countries),T7,2018,2.75714285714286
LP.LPI.TRAC.XQ,货物追踪能力,European Union,EU,2022,3.69259259259259
LP.LPI.TRAC.XQ,货物追踪能力,European Union,EU,2018,3.55888888888889
LP.LPI.TRAC.XQ,货物追踪能力,Fragile and conflict affected situations,F1,2022,2.35238095238095
LP.LPI.TRAC.XQ,货物追踪能力,Fragile and conflict affected situations,F1,2018,2.38
LP.LPI.TRAC.XQ,货物追踪能力,Heavily indebted poor countries (HIPC),XE,2022,2.36666666666667
LP.LPI.TRAC.XQ,货物追踪能力,Heavily indebted poor countries (HIPC),XE,2018,2.448
LP.LPI.TRAC.XQ,货物追踪能力,High income,XD,2022,3.61964285714286
LP.LPI.TRAC.XQ,货物追踪能力,High income,XD,2018,3.47321428571429
LP.LPI.TRAC.XQ,货物追踪能力,IBRD only,XF,2022,2.93518518518519
LP.LPI.TRAC.XQ,货物追踪能力,IBRD only,XF,2018,2.77620689655172
LP.LPI.TRAC.XQ,货物追踪能力,IDA & IBRD total,ZT,2022,2.71808510638298
LP.LPI.TRAC.XQ,货物追踪能力,IDA & IBRD total,ZT,2018,2.63184210526316
LP.LPI.TRAC.XQ,货物追踪能力,IDA blend,XH,2022,2.475
LP.LPI.TRAC.XQ,货物追踪能力,IDA blend,XH,2018,2.555
LP.LPI.TRAC.XQ,货物追踪能力,IDA only,XI,2022,2.4125
LP.LPI.TRAC.XQ,货物追踪能力,IDA only,XI,2018,2.46652173913043
LP.LPI.TRAC.XQ,货物追踪能力,IDA total,XG,2022,2.425
LP.LPI.TRAC.XQ,货物追踪能力,IDA total,XG,2018,2.48232142857143
LP.LPI.TRAC.XQ,货物追踪能力,Late-demographic dividend,V3,2022,3.11282051282051
LP.LPI.TRAC.XQ,货物追踪能力,Late-demographic dividend,V3,2018,2.89395348837209
LP.LPI.TRAC.XQ,货物追踪能力,Latin America & Caribbean,ZJ,2022,2.74
LP.LPI.TRAC.XQ,货物追踪能力,Latin America & Caribbean,ZJ,2018,2.68173913043478
LP.LPI.TRAC.XQ,货物追踪能力,Latin America & Caribbean (excluding high income),XJ,2022,2.725
LP.LPI.TRAC.XQ,货物追踪能力,Latin America & Caribbean (excluding high income),XJ,2018,2.65466666666667
LP.LPI.TRAC.XQ,货物追踪能力,Latin America & the Caribbean (IDA & IBRD countries),T2,2022,2.76086956521739
LP.LPI.TRAC.XQ,货物追踪能力,Latin America & the Caribbean (IDA & IBRD countries),T2,2018,2.7147619047619
LP.LPI.TRAC.XQ,货物追踪能力,Least developed countries: UN classification,XL,2022,2.425
LP.LPI.TRAC.XQ,货物追踪能力,Least developed countries: UN classification,XL,2018,2.43
LP.LPI.TRAC.XQ,货物追踪能力,Low & middle income,XO,2022,2.6719512195122
LP.LPI.TRAC.XQ,货物追踪能力,Low & middle income,XO,2018,2.59601941747573
LP.LPI.TRAC.XQ,货物追踪能力,Low income,XM,2022,2.3
LP.LPI.TRAC.XQ,货物追踪能力,Low income,XM,2018,2.39227272727273
LP.LPI.TRAC.XQ,货物追踪能力,Lower middle income,XN,2022,2.63448275862069
LP.LPI.TRAC.XQ,货物追踪能力,Lower middle income,XN,2018,2.60121951219512
LP.LPI.TRAC.XQ,货物追踪能力,"Middle East, North Africa, Afghanistan & Pakistan",ZQ,2022,2.92941176470588
LP.LPI.TRAC.XQ,货物追踪能力,"Middle East, North Africa, Afghanistan & Pakistan",ZQ,2018,2.72
LP.LPI.TRAC.XQ,货物追踪能力,"Middle East, North Africa, Afghanistan & Pakistan (excluding high income)",XQ,2022,2.32222222222222
LP.LPI.TRAC.XQ,货物追踪能力,"Middle East, North Africa, Afghanistan & Pakistan (excluding high income)",XQ,2018,2.44357142857143
LP.LPI.TRAC.XQ,货物追踪能力,"Middle East, North Africa, Afghanistan & Pakistan (IDA & IBRD)",T3,2022,2.32222222222222
LP.LPI.TRAC.XQ,货物追踪能力,"Middle East, North Africa, Afghanistan & Pakistan (IDA & IBRD)",T3,2018,2.44357142857143
LP.LPI.TRAC.XQ,货物追踪能力,Middle income,XP,2022,2.75522388059702
LP.LPI.TRAC.XQ,货物追踪能力,Middle income,XP,2018,2.65135802469136
LP.LPI.TRAC.XQ,货物追踪能力,North America,XU,2022,4.15
LP.LPI.TRAC.XQ,货物追踪能力,North America,XU,2018,3.95
LP.LPI.TRAC.XQ,货物追踪能力,OECD members,OE,2022,3.72631578947368
LP.LPI.TRAC.XQ,货物追踪能力,OECD members,OE,2018,3.65157894736842
LP.LPI.TRAC.XQ,货物追踪能力,Other small states,S4,2022,3.175
LP.LPI.TRAC.XQ,货物追踪能力,Other small states,S4,2018,2.8625
LP.LPI.TRAC.XQ,货物追踪能力,Pacific island small states,S2,2022,2.55
LP.LPI.TRAC.XQ,货物追踪能力,Pacific island small states,S2,2018,2.34
LP.LPI.TRAC.XQ,货物追踪能力,Post-demographic dividend,V4,2022,3.69722222222222
LP.LPI.TRAC.XQ,货物追踪能力,Post-demographic dividend,V4,2018,3.65257142857143
LP.LPI.TRAC.XQ,货物追踪能力,Pre-demographic dividend,V1,2022,2.36
LP.LPI.TRAC.XQ,货物追踪能力,Pre-demographic dividend,V1,2018,2.43454545454546
LP.LPI.TRAC.XQ,货物追踪能力,Small states,S1,2022,2.88666666666667
LP.LPI.TRAC.XQ,货物追踪能力,Small states,S1,2018,2.72117647058824
LP.LPI.TRAC.XQ,货物追踪能力,South Asia,8S,2022,2.775
LP.LPI.TRAC.XQ,货物追踪能力,South Asia,8S,2018,2.75
LP.LPI.TRAC.XQ,货物追踪能力,South Asia (IDA & IBRD),T5,2022,2.775
LP.LPI.TRAC.XQ,货物追踪能力,South Asia (IDA & IBRD),T5,2018,2.75
LP.LPI.TRAC.XQ,货物追踪能力,Sub-Saharan Africa,ZG,2022,2.54230769230769
LP.LPI.TRAC.XQ,货物追踪能力,Sub-Saharan Africa,ZG,2018,2.50410256410256
LP.LPI.TRAC.XQ,货物追踪能力,Sub-Saharan Africa (excluding high income),ZF,2022,2.54230769230769
LP.LPI.TRAC.XQ,货物追踪能力,Sub-Saharan Africa (excluding high income),ZF,2018,2.50410256410256
LP.LPI.TRAC.XQ,货物追踪能力,Sub-Saharan Africa (IDA & IBRD countries),T6,2022,2.54230769230769
LP.LPI.TRAC.XQ,货物追踪能力,Sub-Saharan Africa (IDA & IBRD countries),T6,2018,2.50410256410256
LP.LPI.TRAC.XQ,货物追踪能力,Upper middle income,XT,2022,2.84736842105263
LP.LPI.TRAC.XQ,货物追踪能力,Upper middle income,XT,2018,2.70275
LP.LPI.TRAC.XQ,货物追踪能力,World,1W,2022,3.05107913669065
LP.LPI.TRAC.XQ,货物追踪能力,World,1W,2018,2.901125
LP.LPI.TRAC.XQ,货物追踪能力,Afghanistan,AF,2022,1.6
LP.LPI.TRAC.XQ,货物追踪能力,Afghanistan,AF,2018,1.7
LP.LPI.TIME.XQ,货物准时交付,Africa Eastern and Southern,ZH,2022,2.86363636363636
LP.LPI.TIME.XQ,货物准时交付,Africa Eastern and Southern,ZH,2018,2.78722222222222
LP.LPI.TIME.XQ,货物准时交付,Africa Western and Central,ZI,2022,2.66666666666667
LP.LPI.TIME.XQ,货物准时交付,Africa Western and Central,ZI,2018,2.76
LP.LPI.TIME.XQ,货物准时交付,Arab World,1A,2022,3.0875
LP.LPI.TIME.XQ,货物准时交付,Arab World,1A,2018,3.05142857142857
LP.LPI.TIME.XQ,货物准时交付,Caribbean small states,S3,2022,3.0
LP.LPI.TIME.XQ,货物准时交付,Caribbean small states,S3,2018,2.64333333333333
LP.LPI.TIME.XQ,货物准时交付,Central Europe and the Baltics,B8,2022,3.63636363636364
LP.LPI.TIME.XQ,货物准时交付,Central Europe and the Baltics,B8,2018,3.60181818181818
LP.LPI.TIME.XQ,货物准时交付,Early-demographic dividend,V2,2022,3.08604651162791
LP.LPI.TIME.XQ,货物准时交付,Early-demographic dividend,V2,2018,3.0436170212766
LP.LPI.TIME.XQ,货物准时交付,East Asia & Pacific,Z4,2022,3.48421052631579
LP.LPI.TIME.XQ,货物准时交付,East Asia & Pacific,Z4,2018,3.48857142857143
LP.LPI.TIME.XQ,货物准时交付,East Asia & Pacific (excluding high income),4E,2022,3.2
LP.LPI.TIME.XQ,货物准时交付,East Asia & Pacific (excluding high income),4E,2018,3.19230769230769
LP.LPI.TIME.XQ,货物准时交付,East Asia & Pacific (IDA & IBRD countries),T4,2022,3.2
LP.LPI.TIME.XQ,货物准时交付,East Asia & Pacific (IDA & IBRD countries),T4,2018,3.19230769230769
LP.LPI.TIME.XQ,货物准时交付,Euro area,XC,2022,3.81
LP.LPI.TIME.XQ,货物准时交付,Euro area,XC,2018,3.838
LP.LPI.TIME.XQ,货物准时交付,Europe & Central Asia,Z7,2022,3.55217391304348
LP.LPI.TIME.XQ,货物准时交付,Europe & Central Asia,Z7,2018,3.6468085106383
LP.LPI.TIME.XQ,货物准时交付,Europe & Central Asia (excluding high income),7E,2022,3.02666666666667
LP.LPI.TIME.XQ,货物准时交付,Europe & Central Asia (excluding high income),7E,2018,3.16125
LP.LPI.TIME.XQ,货物准时交付,Europe & Central Asia (IDA & IBRD countries),T7,2022,3.125
LP.LPI.TIME.XQ,货物准时交付,Europe & Central Asia (IDA & IBRD countries),T7,2018,3.25809523809524
LP.LPI.TIME.XQ,货物准时交付,European Union,EU,2022,3.80740740740741
LP.LPI.TIME.XQ,货物准时交付,European Union,EU,2018,3.86333333333333
LP.LPI.TIME.XQ,货物准时交付,Fragile and conflict affected situations,F1,2022,2.6952380952381
LP.LPI.TIME.XQ,货物准时交付,Fragile and conflict affected situations,F1,2018,2.66862068965517
LP.LPI.TIME.XQ,货物准时交付,Heavily indebted poor countries (HIPC),XE,2022,2.6375
LP.LPI.TIME.XQ,货物准时交付,Heavily indebted poor countries (HIPC),XE,2018,2.71657142857143
LP.LPI.TIME.XQ,货物准时交付,High income,XD,2022,3.69464285714286
LP.LPI.TIME.XQ,货物准时交付,High income,XD,2018,3.75821428571428
LP.LPI.TIME.XQ,货物准时交付,IBRD only,XF,2022,3.15
LP.LPI.TIME.XQ,货物准时交付,IBRD only,XF,2018,3.21431034482759
LP.LPI.TIME.XQ,货物准时交付,IDA & IBRD total,ZT,2022,2.98085106382979
LP.LPI.TIME.XQ,货物准时交付,IDA & IBRD total,ZT,2018,2.99473684210526
LP.LPI.TIME.XQ,货物准时交付,IDA blend,XH,2022,2.8
LP.LPI.TIME.XQ,货物准时交付,IDA blend,XH,2018,2.812
LP.LPI.TIME.XQ,货物准时交付,IDA only,XI,2022,2.740625
LP.LPI.TIME.XQ,货物准时交付,IDA only,XI,2018,2.75760869565217
LP.LPI.TIME.XQ,货物准时交付,IDA total,XG,2022,2.7525
LP.LPI.TIME.XQ,货物准时交付,IDA total,XG,2018,2.76732142857143
LP.LPI.TIME.XQ,货物准时交付,Late-demographic dividend,V3,2022,3.24102564102564
LP.LPI.TIME.XQ,货物准时交付,Late-demographic dividend,V3,2018,3.28790697674419
LP.LPI.TIME.XQ,货物准时交付,Latin America & Caribbean,ZJ,2022,3.024
LP.LPI.TIME.XQ,货物准时交付,Latin America & Caribbean,ZJ,2018,3.04782608695652
LP.LPI.TIME.XQ,货物准时交付,Latin America & Caribbean (excluding high income),XJ,2022,3.0125
LP.LPI.TIME.XQ,货物准时交付,Latin America & Caribbean (excluding high income),XJ,2018,3.07466666666667
LP.LPI.TIME.XQ,货物准时交付,Latin America & the Caribbean (IDA & IBRD countries),T2,2022,3.04347826086957
LP.LPI.TIME.XQ,货物准时交付,Latin America & the Caribbean (IDA & IBRD countries),T2,2018,3.09
LP.LPI.TIME.XQ,货物准时交付,Least developed countries: UN classification,XL,2022,2.69583333333333
LP.LPI.TIME.XQ,货物准时交付,Least developed countries: UN classification,XL,2018,2.73378378378378
LP.LPI.TIME.XQ,货物准时交付,Low & middle income,XO,2022,2.94268292682927
LP.LPI.TIME.XQ,货物准时交付,Low & middle income,XO,2018,2.95912621359223
LP.LPI.TIME.XQ,货物准时交付,Low income,XM,2022,2.62
LP.LPI.TIME.XQ,货物准时交付,Low income,XM,2018,2.64318181818182
LP.LPI.TIME.XQ,货物准时交付,Lower middle income,XN,2022,2.91724137931034
LP.LPI.TIME.XQ,货物准时交付,Lower middle income,XN,2018,2.91365853658537
LP.LPI.TIME.XQ,货物准时交付,"Middle East, North Africa, Afghanistan & Pakistan",ZQ,2022,3.15294117647059
LP.LPI.TIME.XQ,货物准时交付,"Middle East, North Africa, Afghanistan & Pakistan",ZQ,2018,3.12636363636364
LP.LPI.TIME.XQ,货物准时交付,"Middle East, North Africa, Afghanistan & Pakistan (excluding high income)",XQ,2022,2.81111111111111
LP.LPI.TIME.XQ,货物准时交付,"Middle East, North Africa, Afghanistan & Pakistan (excluding high income)",XQ,2018,2.88142857142857
LP.LPI.TIME.XQ,货物准时交付,"Middle East, North Africa, Afghanistan & Pakistan (IDA & IBRD)",T3,2022,2.81111111111111
LP.LPI.TIME.XQ,货物准时交付,"Middle East, North Africa, Afghanistan & Pakistan (IDA & IBRD)",T3,2018,2.88142857142857
LP.LPI.TIME.XQ,货物准时交付,Middle income,XP,2022,3.01492537313433
LP.LPI.TIME.XQ,货物准时交付,Middle income,XP,2018,3.04493827160494
LP.LPI.TIME.XQ,货物准时交付,North America,XU,2022,3.95
LP.LPI.TIME.XQ,货物准时交付,North America,XU,2018,4.02
LP.LPI.TIME.XQ,货物准时交付,OECD members,OE,2022,3.81315789473684
LP.LPI.TIME.XQ,货物准时交付,OECD members,OE,2018,3.91157894736842
LP.LPI.TIME.XQ,货物准时交付,Other small states,S4,2022,3.3625
LP.LPI.TIME.XQ,货物准时交付,Other small states,S4,2018,3.2
LP.LPI.TIME.XQ,货物准时交付,Pacific island small states,S2,2022,2.75
LP.LPI.TIME.XQ,货物准时交付,Pacific island small states,S2,2018,2.83
LP.LPI.TIME.XQ,货物准时交付,Post-demographic dividend,V4,2022,3.75833333333333
LP.LPI.TIME.XQ,货物准时交付,Post-demographic dividend,V4,2018,3.91914285714286
LP.LPI.TIME.XQ,货物准时交付,Pre-demographic dividend,V1,2022,2.605
LP.LPI.TIME.XQ,货物准时交付,Pre-demographic dividend,V1,2018,2.71212121212121
LP.LPI.TIME.XQ,货物准时交付,Small states,S1,2022,3.16
LP.LPI.TIME.XQ,货物准时交付,Small states,S1,2018,3.05823529411765
LP.LPI.TIME.XQ,货物准时交付,South Asia,8S,2022,3.125
LP.LPI.TIME.XQ,货物准时交付,South Asia,8S,2018,3.02
LP.LPI.TIME.XQ,货物准时交付,South Asia (IDA & IBRD),T5,2022,3.125
LP.LPI.TIME.XQ,货物准时交付,South Asia (IDA & IBRD),T5,2018,3.02
LP.LPI.TIME.XQ,货物准时交付,Sub-Saharan Africa,ZG,2022,2.75
LP.LPI.TIME.XQ,货物准时交付,Sub-Saharan Africa,ZG,2018,2.7725641025641
LP.LPI.TIME.XQ,货物准时交付,Sub-Saharan Africa (excluding high income),ZF,2022,2.75
LP.LPI.TIME.XQ,货物准时交付,Sub-Saharan Africa (excluding high income),ZF,2018,2.7725641025641
LP.LPI.TIME.XQ,货物准时交付,Sub-Saharan Africa (IDA & IBRD countries),T6,2022,2.75
LP.LPI.TIME.XQ,货物准时交付,Sub-Saharan Africa (IDA & IBRD countries),T6,2018,2.7725641025641
LP.LPI.TIME.XQ,货物准时交付,Upper middle income,XT,2022,3.08947368421053
LP.LPI.TIME.XQ,货物准时交付,Upper middle income,XT,2018,3.1795
LP.LPI.TIME.XQ,货物准时交付,World,1W,2022,3.24244604316547
LP.LPI.TIME.XQ,货物准时交付,World,1W,2018,3.2364375
LP.LPI.TIME.XQ,货物准时交付,Afghanistan,AF,2022,2.3
LP.LPI.TIME.XQ,货物准时交付,Afghanistan,AF,2018,2.38
